{
  "Go to delivery page" : {
    "transaction" : "Go to delivery page",
    "sampleCount" : 50,
    "errorCount" : 0,
    "errorPct" : 0.0,
    "meanResTime" : 1396.3,
    "minResTime" : 765.0,
    "maxResTime" : 3757.0,
    "pct1ResTime" : 1968.9,
    "pct2ResTime" : 2879.2499999999964,
    "pct3ResTime" : 3757.0,
    "throughput" : 0.49836536161390643,
    "receivedKBytesPerSec" : 56.182002329235104,
    "sentKBytesPerSec" : 1.300899066686269
  },
  "Go to product dispensaries page" : {
    "transaction" : "Go to product dispensaries page",
    "sampleCount" : 16,
    "errorCount" : 0,
    "errorPct" : 0.0,
    "meanResTime" : 1252.875,
    "minResTime" : 950.0,
    "maxResTime" : 2272.0,
    "pct1ResTime" : 1816.3000000000004,
    "pct2ResTime" : 2272.0,
    "pct3ResTime" : 2272.0,
    "throughput" : 0.5145356315924878,
    "receivedKBytesPerSec" : 49.72218718846475,
    "sentKBytesPerSec" : 1.3532940329945973
  },
  "Map page with delivery listing" : {
    "transaction" : "Map page with delivery listing",
    "sampleCount" : 8,
    "errorCount" : 0,
    "errorPct" : 0.0,
    "meanResTime" : 1481.5,
    "minResTime" : 999.0,
    "maxResTime" : 2201.0,
    "pct1ResTime" : 2201.0,
    "pct2ResTime" : 2201.0,
    "pct3ResTime" : 2201.0,
    "throughput" : 0.39089221147268643,
    "receivedKBytesPerSec" : 42.58449035901006,
    "sentKBytesPerSec" : 1.0154035962083454
  },
  "Go to about tab on cbd-stores page" : {
    "transaction" : "Go to about tab on cbd-stores page",
    "sampleCount" : 7,
    "errorCount" : 0,
    "errorPct" : 0.0,
    "meanResTime" : 1149.857142857143,
    "minResTime" : 632.0,
    "maxResTime" : 1527.0,
    "pct1ResTime" : 1527.0,
    "pct2ResTime" : 1527.0,
    "pct3ResTime" : 1527.0,
    "throughput" : 0.10724024879737722,
    "receivedKBytesPerSec" : 10.39818986598799,
    "sentKBytesPerSec" : 0.2805182289272911
  },
  "Go to media tab on dispensaries page" : {
    "transaction" : "Go to media tab on dispensaries page",
    "sampleCount" : 12,
    "errorCount" : 0,
    "errorPct" : 0.0,
    "meanResTime" : 1584.4999999999998,
    "minResTime" : 619.0,
    "maxResTime" : 3172.0,
    "pct1ResTime" : 2990.2000000000007,
    "pct2ResTime" : 3172.0,
    "pct3ResTime" : 3172.0,
    "throughput" : 0.13415315818893236,
    "receivedKBytesPerSec" : 12.928737685159307,
    "sentKBytesPerSec" : 0.3497065399664617
  },
  "Root path" : {
    "transaction" : "Root path",
    "sampleCount" : 60,
    "errorCount" : 0,
    "errorPct" : 0.0,
    "meanResTime" : 1677.9500000000005,
    "minResTime" : 591.0,
    "maxResTime" : 5109.0,
    "pct1ResTime" : 3132.0,
    "pct2ResTime" : 3348.5499999999997,
    "pct3ResTime" : 5109.0,
    "throughput" : 1.3243863676496557,
    "receivedKBytesPerSec" : 121.25621582117472,
    "sentKBytesPerSec" : 3.407966873785979
  },
  "Go to media tab on cbd-stores page" : {
    "transaction" : "Go to media tab on cbd-stores page",
    "sampleCount" : 6,
    "errorCount" : 0,
    "errorPct" : 0.0,
    "meanResTime" : 1400.3333333333335,
    "minResTime" : 633.0,
    "maxResTime" : 2798.0,
    "pct1ResTime" : 2798.0,
    "pct2ResTime" : 2798.0,
    "pct3ResTime" : 2798.0,
    "throughput" : 0.1431229426077,
    "receivedKBytesPerSec" : 13.416844079480942,
    "sentKBytesPerSec" : 0.3731353018701398
  },
  "Go to brand page" : {
    "transaction" : "Go to brand page",
    "sampleCount" : 24,
    "errorCount" : 0,
    "errorPct" : 0.0,
    "meanResTime" : 1043.2916666666665,
    "minResTime" : 571.0,
    "maxResTime" : 1396.0,
    "pct1ResTime" : 1368.5,
    "pct2ResTime" : 1393.0,
    "pct3ResTime" : 1396.0,
    "throughput" : 1.3891300573016148,
    "receivedKBytesPerSec" : 140.49143415017073,
    "sentKBytesPerSec" : 3.5915252213926028
  },
  "Go to reviews tab" : {
    "transaction" : "Go to reviews tab",
    "sampleCount" : 3,
    "errorCount" : 3,
    "errorPct" : 100.0,
    "meanResTime" : 854.3333333333334,
    "minResTime" : 831.0,
    "maxResTime" : 885.0,
    "pct1ResTime" : 885.0,
    "pct2ResTime" : 885.0,
    "pct3ResTime" : 885.0,
    "throughput" : 0.24620434961017645,
    "receivedKBytesPerSec" : 0.9499544778416085,
    "sentKBytesPerSec" : 0.6407564372178908
  },
  "Go to Strain page" : {
    "transaction" : "Go to Strain page",
    "sampleCount" : 6,
    "errorCount" : 0,
    "errorPct" : 0.0,
    "meanResTime" : 1373.0,
    "minResTime" : 1101.0,
    "maxResTime" : 2197.0,
    "pct1ResTime" : 2197.0,
    "pct2ResTime" : 2197.0,
    "pct3ResTime" : 2197.0,
    "throughput" : 0.455719276925414,
    "receivedKBytesPerSec" : 47.48188397197326,
    "sentKBytesPerSec" : 1.1757913375360778
  },
  "Go to deals tab on cbd-stores page" : {
    "transaction" : "Go to deals tab on cbd-stores page",
    "sampleCount" : 11,
    "errorCount" : 0,
    "errorPct" : 0.0,
    "meanResTime" : 1346.909090909091,
    "minResTime" : 503.0,
    "maxResTime" : 3311.0,
    "pct1ResTime" : 3017.6000000000013,
    "pct2ResTime" : 3311.0,
    "pct3ResTime" : 3311.0,
    "throughput" : 0.12513793613414786,
    "receivedKBytesPerSec" : 11.886093104757515,
    "sentKBytesPerSec" : 0.3261651870527741
  },
  "Go to deals page" : {
    "transaction" : "Go to deals page",
    "sampleCount" : 6,
    "errorCount" : 0,
    "errorPct" : 0.0,
    "meanResTime" : 572.0,
    "minResTime" : 491.0,
    "maxResTime" : 790.0,
    "pct1ResTime" : 790.0,
    "pct2ResTime" : 790.0,
    "pct3ResTime" : 790.0,
    "throughput" : 0.4798848276413661,
    "receivedKBytesPerSec" : 39.686803292209866,
    "sentKBytesPerSec" : 1.237203071262897
  },
  "Go to reviews tab on doctors page" : {
    "transaction" : "Go to reviews tab on doctors page",
    "sampleCount" : 9,
    "errorCount" : 0,
    "errorPct" : 0.0,
    "meanResTime" : 1485.5555555555557,
    "minResTime" : 539.0,
    "maxResTime" : 4102.0,
    "pct1ResTime" : 4102.0,
    "pct2ResTime" : 4102.0,
    "pct3ResTime" : 4102.0,
    "throughput" : 0.12248230811105063,
    "receivedKBytesPerSec" : 11.781200560526674,
    "sentKBytesPerSec" : 0.31997439779531844
  },
  "Go to reviews tab on deliveries page" : {
    "transaction" : "Go to reviews tab on deliveries page",
    "sampleCount" : 9,
    "errorCount" : 0,
    "errorPct" : 0.0,
    "meanResTime" : 1422.111111111111,
    "minResTime" : 695.0,
    "maxResTime" : 2302.0,
    "pct1ResTime" : 2302.0,
    "pct2ResTime" : 2302.0,
    "pct3ResTime" : 2302.0,
    "throughput" : 0.10256410256410256,
    "receivedKBytesPerSec" : 11.795250178062679,
    "sentKBytesPerSec" : 0.26851851851851855
  },
  "Go to reviews tab on dispensaries page" : {
    "transaction" : "Go to reviews tab on dispensaries page",
    "sampleCount" : 10,
    "errorCount" : 0,
    "errorPct" : 0.0,
    "meanResTime" : 1608.2,
    "minResTime" : 819.0,
    "maxResTime" : 4242.0,
    "pct1ResTime" : 4093.5000000000005,
    "pct2ResTime" : 4242.0,
    "pct3ResTime" : 4242.0,
    "throughput" : 0.1484296146767203,
    "receivedKBytesPerSec" : 16.629219111797187,
    "sentKBytesPerSec" : 0.38730852579706704
  },
  "Get token" : {
    "transaction" : "Get token",
    "sampleCount" : 5,
    "errorCount" : 0,
    "errorPct" : 0.0,
    "meanResTime" : 789.0,
    "minResTime" : 715.0,
    "maxResTime" : 864.0,
    "pct1ResTime" : 864.0,
    "pct2ResTime" : 864.0,
    "pct3ResTime" : 864.0,
    "throughput" : 0.3561760934606069,
    "receivedKBytesPerSec" : 0.9895712752885026,
    "sentKBytesPerSec" : 0.19791425505770052
  },
  "Go to about tab on dispensaries page" : {
    "transaction" : "Go to about tab on dispensaries page",
    "sampleCount" : 12,
    "errorCount" : 0,
    "errorPct" : 0.0,
    "meanResTime" : 1404.4166666666667,
    "minResTime" : 642.0,
    "maxResTime" : 3117.0,
    "pct1ResTime" : 2897.7000000000007,
    "pct2ResTime" : 3117.0,
    "pct3ResTime" : 3117.0,
    "throughput" : 0.14833494029518654,
    "receivedKBytesPerSec" : 14.814867661283346,
    "sentKBytesPerSec" : 0.38733912998467207
  },
  "Get product" : {
    "transaction" : "Get product",